"titulo","precio","precioLista","imagenProducto"
"Amazon Kindle 16 GB (modelo más reciente): El Kindle más ligero y compacto, ahora con cambios de página más rápidos y mayor contraste, para una experiencia de lectura mejorada - Negro","1,779.00","$2,099.00","https://m.media-amazon.com/images/I/71w-4uiDzoL._AC_UL320_.jpg"
"Amazon Kindle Paperwhite 16GB (modelo más reciente): nuestro Kindle más rápido de la historia, con una nueva pantalla de 7″ sin reflejos y una batería de semanas de duración. Color Negro","2,399.00","$2,999.00","https://m.media-amazon.com/images/I/51WeXuqsZyL._AC_UL320_.jpg"
"El nuevo Amazon Kindle Paperwhite Signature Edition (32 GB): nuestro Kindle más rápido con una luz frontal que se ajusta automáticamente y semanas de duración de la batería. Carbón metálico","2,999.00","$3,799.00","https://m.media-amazon.com/images/I/718meV11rIL._AC_UL320_.jpg"
"Totalmente nuevo, Made for Amazon, base de carga inalámbrica para Kindle Paperwhite Signature Editions (versiones de 2022 y 2024)","779.99","$79.16","https://m.media-amazon.com/images/I/81S-GuPuGxL._AC_UL320_.jpg"
"Paquete Kindle que incluye Kindle (lanzamiento 2024) - Matcha y Funda de Tela - Matcha","2,378.99","$2,698.99","https://m.media-amazon.com/images/I/61xlk5g41xL._AC_UL320_.jpg"
"PUBAMALL Funda Compatible para 6 Pulgadas Kindle All-New (11ª Generación - Lanzamiento 2024/2022), con la función Auto Sleep Wake (Cielo Estrellado)","206.10","$239.00","https://m.media-amazon.com/images/I/91ckIYf2nbL._AC_UL320_.jpg"
"Funda Amazon Kindle, funda protectora plegable fina y ligera - Tela","599.99","$60.89","https://m.media-amazon.com/images/I/711+7nOVHnL._AC_UL320_.jpg"
"Janety Funda para Kindle 2024/2022, 6 Pulgadas, 2 Piezas TPU Transparente, Protección Antigolpes Lectores de Ebooks, Funda para Kindle 11ª Generación","339.00","$34.40","https://m.media-amazon.com/images/I/61etpfGHVDL._AC_UL320_.jpg"
"Presentamos la nueva funda de cuero de origen vegetal de Amazon: funda protectora ligera diseñada pensando en la sustentabilidad para los nuevos Kindle Paperwhite y Kindle Paperwhite Signature Edition","799.99","$81.19","https://m.media-amazon.com/images/I/819LuzDf5OL._AC_UL320_.jpg"
"PUBAMALL Funda para Kindle Paperwhite 7 Pulgadas, 12ª Generación 2024, Auto Sleep Wake, Compatible con Kindle Colorsoft Signature Edition (Negro)","269.10","$299.00","https://m.media-amazon.com/images/I/61ZuY6pVGgL._AC_UL320_.jpg"
"Nueva funda para Amazon Kindle Paperwhite y Kindle Paperwhite Signature Edition, funda protectora ligera y plegable, cuero prémium","1,199.99","$121.79","https://m.media-amazon.com/images/I/81eT7nsvm8L._AC_UL320_.jpg"
"El Hombre","N/A","N/A","No disponible"
"Nueva funda para Amazon Kindle Paperwhite y Kindle Paperwhite Signature Edition, ligera y resistente al agua, funda protectora plegable, tela","679.99","$69.01","https://m.media-amazon.com/images/I/91KwBwyXicL._AC_UL320_.jpg"
"IOPDXZW Page Turner con Control Remoto RF, Tiktok Ring, EReaders Accesorios de Lectura, Compatible Kindle, Kindle Paperwhite, Kobo, Ebook Readers","299.00","$388.00","https://m.media-amazon.com/images/I/61J00nTk4QL._AC_UL320_.jpg"
"Cadáver exquisito (Mapa de las lenguas)","N/A","N/A","No disponible"
"Lo que un líder no debe delegar: Crea una empresa admirada","N/A","N/A","No disponible"
"Fintie - Funda de piel sintética para Kindle Paperwhite con ranura para tarjetas y correa de mano para Kindle Paperwhite (café clásico)","399.00","$40.49","https://m.media-amazon.com/images/I/71Ssf3aHi7L._AC_UL320_.jpg"
"Kit Funda Y 2 Protectores de Pantalla para Kindle Paperwhite de 7 Pulgadas, 12.ª Generación, Versión 2024, Compatible con Kindle Colorsoft Signature Edition,con Función Encendido y Apagado Automático","260.10","$289.00","https://m.media-amazon.com/images/I/61OQSoi3QkL._AC_UL320_.jpg"
"ZCGOINGTECH Funda para Kindle Paperwhite de 7 Pulgadas, 12.ª Generación, Versión 2024, Compatible con Kindle Colorsoft Signature Edition, Funda Kindle con Función de Encendido y Apagado Automático","259.00","$26.28","https://m.media-amazon.com/images/I/81pJ41QFgWL._AC_UL320_.jpg"
"RSAquar Funda Compatible con 7"" Nuevo Kindle Paperwhite (12ª Generación 2024) & Kindle Colorsoft Signature Edition, Funda Protectora Delgada con Auto Sleep/Wake - Agave Verde","359.00","$399.00","https://m.media-amazon.com/images/I/71LYFEZXsiL._AC_UL320_.jpg"
"Amazon Kindle 16 GB (modelo más reciente): El Kindle más ligero y compacto, ahora con cambios de página más rápidos y mayor contraste, para una experiencia de lectura mejorada - Negro","1,779.00","$2,099.00","https://m.media-amazon.com/images/I/71w-4uiDzoL._AC_UL320_.jpg"
"El nuevo Amazon Kindle Paperwhite Signature Edition (32 GB): nuestro Kindle más rápido con una luz frontal que se ajusta automáticamente y semanas de duración de la batería. Carbón metálico","2,999.00","$3,799.00","https://m.media-amazon.com/images/I/718meV11rIL._AC_UL320_.jpg"
"Dedo pela pollos","7,100.00","$720.65","https://m.media-amazon.com/images/I/31CS0vPnOjL._AC_UL320_.jpg"
"Lamicall Soporte para Tablet de Brazo Flexible - Soporte iPad con Cuello de Cisne para iPad Pro 10.5 10.2 9.7, iPad Mini, iPad Air, Switch, Kindle, Samsung Tabs, Otras 4-11 Pulgadas Tablets, Negro","529.00","$599.00","https://m.media-amazon.com/images/I/61qyKhv2aGS._AC_UL320_.jpg"
"1984","N/A","N/A","No disponible"
"Amazon Kindle Paperwhite Signature Edition (32 GB) – Con luz frontal autorregulable, carga inalámbrica, pantalla de 6.8 pulgadas y hasta 10 semanas de duración de la batería – Negro","N/A","N/A","No disponible"
"COCFOOKIW Funda para 6"" Kindle 11ª Generación 2022/2024, Modelo: RS23CV/C2V2L3，Cáscara Blanda Transparente Blanda Estuche con Función de Reposo/Activación Automática (5)","292.00","$29.63","https://m.media-amazon.com/images/I/61BaDZPw-UL._AC_UL320_.jpg"
"HGGWZWIF 2pcs Funda para Kindle Paperwhite 12ª Generación 2024 (7 Pulgadas) & Kindle Colorsoft Signature Edition ((7 Pulgadas), Paquete de 2 Transparente Case +Pegatinas de Lectura","299.00","$30.34","https://m.media-amazon.com/images/I/71deu0oH5JL._AC_UL320_.jpg"
"RSAquar Funda Transparente para 7"" Nuevo Kindle Paperwhite (12ª Generación 2024) & Kindle Colorsoft Signature Edition - Funda Trasera de Silicona Resistente a los Arañazos y Ligera (Transparente)","299.00","$349.00","https://m.media-amazon.com/images/I/71+YO84zcrL._AC_UL320_.jpg"
"JUNJIU Funda Plegable para Nuevo Kindle (Versión 11.ª Generación 2022), con Encendido/Apagado Automático, Funda Ligera con Correa de Mano,Flor de Albaricoque","439.00","$44.55","https://m.media-amazon.com/images/I/81NtP8w8dzL._AC_UL320_.jpg"
"No te creas todo lo que piensas: El sufrimiento empieza y termina en tu cabeza","N/A","N/A","No disponible"
"Antes de que se enfríe el café","N/A","N/A","No disponible"
"El sutil arte de que te importe un caraj* - Segunda Edición: Un enfoque disruptivo para vivir una buena vida","N/A","N/A","No disponible"
"ZCGOINGTECH Paquete de 2 Mica Protectores de Pantalla Transparentes HD para Kindle Paperwhite 12.a Generación 2024 y Kindle Colorsoft Signature Edition (7 Pulgadas)","229.00","$23.24","https://m.media-amazon.com/images/I/41bLM3l-XaL._AC_UL320_.jpg"
"Sycelu Marcador de páginas con Control Remoto RF para Kindle Paperwhite, Accesorios para iPad, Lectura de Kobo Surface Comics/Novels, iPhone, tabletas, Android, Toma Fotos (Negro)","439.99","$540.00","https://m.media-amazon.com/images/I/61rskQmrUzL._AC_UL320_.jpg"
"Yunir EReader 5 ”Audiolibros 16GBWifi, BT, GPS, FM, Audiolibros de Llamadas de Voz, de Página Más Rápidos","1,367.65","$138.81","https://m.media-amazon.com/images/I/71bcPdlOmYL._AC_UL320_.jpg"
"Lecciones de química","N/A","N/A","No disponible"
"Recupera tu mente, reconquista tu vida (Espasa Crecimiento personal)","N/A","N/A","No disponible"
"RSAquar Funda para 7"" Nuevo Kindle Paperwhite (12ª Generación 2024) & Kindle Colorsoft Signature Edition, Funda de protección Completa con Auto Sleep/Wake, Correa de Mano y Soporte Plegable - Negro","539.00","$599.00","https://m.media-amazon.com/images/I/81xsPR7kMNL._AC_UL320_.jpg"
"UGREEN Soporte de Almohada para Tablet Ajustable, Multifuncional Soporte Stand Base iPad para Usar en el Sofá Cama con 3 Ajustes, Compatible con iPad Pro 12.9, Air Mini, Galaxy Tab, Kindle, Switch","499.00","$50.64","https://m.media-amazon.com/images/I/71Bs2Ed3q6L._AC_UL320_.jpg"
"Paquete Kindle Paperwhite que incluye el Nuevo Kindle Paperwhite Signature Edition (32GB) - Negro y Funda de Cuero Premium - Color Nogal","4,198.99","$4,998.99","https://m.media-amazon.com/images/I/51iZiqAJ0jL._AC_UL320_.jpg"
"Kepuch 2 Paquetes Vidrio Templado Protector de Pantalla para Kindle 12th 2024 / Kindle 11th 6.0""","169.96","$17.25","https://m.media-amazon.com/images/I/51oosfDJtPL._AC_UL320_.jpg"
"Las 48 leyes del poder (Biblioteca Robert Greene)","N/A","N/A","No disponible"
"Paquete Kindle Paperwhite que incluye el Nuevo Kindle Paperwhite (16GB) - Negro y Funda de Cuero Premium - Color Nogal","3,598.99","$4,198.99","https://m.media-amazon.com/images/I/51iZiqAJ0jL._AC_UL320_.jpg"
"La biblioteca de la medianoche","N/A","N/A","No disponible"
"PUBAMALL Funda Compatible para Kindle Paperwhite (11th Generation-2021), con la función Auto Sleep Wake, para Kindle Paperwhite 2021, 6.8 Inch y Kindle Paperwhite Signature Edition (Negro)","194.10","$239.00","https://m.media-amazon.com/images/I/81kuFZRGnRL._AC_UL320_.jpg"
"USTIYA Funda para Kindle Paperwhite 12 generacion 2024 7 Pulgadas Carcasa Cuero Protectora TPU+PU Smart Cover (Rosa)","299.90","$30.43","https://m.media-amazon.com/images/I/51iCNfQcpsL._AC_UL320_.jpg"
"El mundo de Sofia: Novela sobre la historia de la filosofía (Las Tres Edades / Biblioteca Gaarder nº 1)","N/A","N/A","No disponible"
"No estás en la lista","N/A","N/A","No disponible"
"Harry Potter y el prisionero de Azkaban","N/A","N/A","No disponible"
"HGGWZWIF Funda Compatible para 6 Pulgadas Kindle All-New (11ª Generación - Lanzamiento 2024/2022) con Pegatinas de Lectura, TPU+Acrílico Transparente Carcasa con la función Auto Sleep Wake (Negro)","349.00","$35.42","https://m.media-amazon.com/images/I/71K50Lm-vmL._AC_UL320_.jpg"
"El libro secreto de los Reptilianos: 10 entrevistas con el poder oculto","N/A","N/A","No disponible"
"Funda Amazon Kindle, funda protectora plegable fina y ligera - Tela","599.99","$60.89","https://m.media-amazon.com/images/I/81OHb4Ca+KL._AC_UL320_.jpg"
"Cubierta de piel para la Kindle Paperwhite (11va generación, 2021)","799.99","$81.19","https://m.media-amazon.com/images/I/51ApUsnAryL._AC_UL320_.jpg"
"woleyi Soporte para Tablet Cama de Brazo Articulado, Brazo Tablet Mesa Metálico Pinza Ajustable para iPad Pro, iPad Mini, iPad Air, Switch, Kindle, Samsung Tabs, 4-13 Pulgadas Tablets, Cámara, Gopro","1,199.99","$121.79","https://m.media-amazon.com/images/I/61dJIwadKIL._AC_UL320_.jpg"
"woleyi - Soporte magnético para tablet Magsafe para montaje en pared, paquete de 2 bases de taladro para iPad Pro Air Mini | Galaxy Tab | Kindle Fire | Interruptor | teléfono, para cocina, hogar,","789.99","$80.18","https://m.media-amazon.com/images/I/71sVon57xlL._AC_UL320_.jpg"
"Pasador de Página con Control Remoto para for Kindle, Clicker de Volteador de Página Bluetooth para iOS/Android/tabletas Lectura de Novelas, Me Gusta Rápido, Cambio de Página de","367.00","$37.25","https://m.media-amazon.com/images/I/51kDzdzY-iL._AC_UL320_.jpg"
"SEASKY Soporte deTablet Mesa Cuello Cisne, Soporte Tablet de Brazo Flexible, Rotación Flexible de 360°, para 4-13"" Celular y Tablets como Tablet,para iPad Pro, Air, Mini,E-Reader, Kindle","332.99","$369.99","https://m.media-amazon.com/images/I/61+c0NvTD4L._AC_UL320_.jpg"
"Lector de Libros Electrónicos de 1+16 GB, Lector de Libros con Pantalla Táctil de 5,76 Pulgadas, para Android 8.1, Lector de Libros Eléctrico Portátil Eink","2,385.00","$2,588.60","https://m.media-amazon.com/images/I/61QuHY3gTJL._AC_UL320_.jpg"
"Lector Electrónico Portátil de 7 Pulgadas, Lector de Libros Electrónicos de Lectura de Libros Digitales con Pantalla Colorida a Prueba de Agua, Lector Eléctrico de 2100 MAh con","1,722.00","$174.78","https://m.media-amazon.com/images/I/6189Z1MANDL._AC_UL320_.jpg"
"ASHATA Lector de Libros Electrónicos con Pantalla Táctil LCD a Color de 5 Pulgadas y 1+8 GB, Lector Electrónico, Lector de Libros Electrónicos WiFi BT FM Lector de Libros Digitales","1,437.04","$145.85","https://m.media-amazon.com/images/I/71JFus3pczL._AC_UL320_.jpg"
"Lector de Libros Electrónicos con Pantalla a Color de 5 Pulgadas, Lector de Libros con Pantalla LCD de 2+16 GB para PDF EPUB EPUB3 MOBI, con BT, GPS, FM, Llamada de Voz para Android 5.1","1,250.96","$1,706.60","https://m.media-amazon.com/images/I/61Dlmvi5oWL._AC_UL320_.jpg"
"STHIRA Soporte Tablet Automovil, Ajustable Brazo Retráctil Clip, Soporte iPad Reposacabezas Giro de 360 ° Auto Coche Carro para 4.7-13"" Celular y Tablets/Samsung Tab/iPad Pro Air/Mini E-Reader Kindle","179.00","$59.66","https://m.media-amazon.com/images/I/71geES9gokL._AC_UL320_.jpg"
"JESWO Soporte para Tablet Automovil, Soporte para iPad Reposacabezas de Carro, Ajustable Soporte Tablet Auto para 4.6-12.9'', Soporte iPad Auto para iPad Pro, Air, Mini, Kindle, Huawei Tab, etc.","159.20","$199.00","https://m.media-amazon.com/images/I/61-+lxtU1bL._AC_UL320_.jpg"
"El hombre en busca de sentido","N/A","N/A","No disponible"
"Si lo crees, lo creas","N/A","N/A","No disponible"
"¿ Cómo trabajar de forma más eficaz y sencilla ?: Guía práctica para vencer la procrastinación, retomar el control de tu vida, alcanzar tus objetivos y ... (Dominar el arte de la productividad nº 2)","N/A","N/A","No disponible"
"Lector de Libros Electrónicos con Pantalla a Color de 5 Pulgadas, Lector de Libros con Pantalla LCD de 2+16 GB para PDF EPUB EPUB3 MOBI, con BT, GPS, FM, Llamada de Voz para Android 5.1","1,250.96","$1,706.60","https://m.media-amazon.com/images/I/61Dlmvi5oWL._AC_UL320_.jpg"
"Cómo manipular sin que nadie lo note: Técnicas sutiles de poder emocional, influencia invisible y control cotidiano","N/A","N/A","No disponible"
"Las 20 leyes de la astucia: Selecciona (Estrategias y estratagemas)","N/A","N/A","No disponible"
"HGGWZWIF 2pcs Funda para Kindle (Versión 11.ª Generación 2024/2022 6 Pulgadas), Paquete de 2 Transparente Case +Pegatinas de Lectura,Silicona TPU Antigolpes Clear Carcasa para e-Book Reader","349.00","$599.00","https://m.media-amazon.com/images/I/71DF89RAV3L._AC_UL320_.jpg"
"The Agatha Christie Collection: A Definitive Library of Suspense, Deception, and Brilliant Detective Work (English Edition)","N/A","N/A","No disponible"
"Illuminati: El Ojo que Todo lo Ve y la Agenda que No Puedes Escapar: Rituales, Símbolos y secretos del poder oculto que domina gobiernos, medios y tu mente sin que lo notes","N/A","N/A","No disponible"
"El Archivo Prohibido del Vaticano: Verdades enterradas, rituales malditos y el legado oculto que podría cambiar la historia de la humanidad","N/A","N/A","No disponible"
"Yctze Lector de Libros Electrónicos Portátil con Pantalla Colorida de 7 Pulgadas, Compatible con Tarjetas de Memoria y Periféricos, Ideal para Libros Electrónicos Kindle Edición","1,425.00","$144.63","https://m.media-amazon.com/images/I/61TH+YrDc-L._AC_UL320_.jpg"
"The Art of Option Buying: Master the Market: Proven Strategies to Profit from Buying Options (English Edition)","N/A","N/A","No disponible"
"Consíguelo Sin Esfuerzo : El método mental más simple para lograr lo que deseas sin rogar, empujar ni estresarte","N/A","N/A","No disponible"
"Fintie Funda para Kindle Paperwhite de 6,8"" (11.ª generación - 2021) y Kindle Paperwhite Signature Edition, Funda de sintética Ligera de Primera Calidad con función de Reposo/activación automática","289.00","$329.00","https://m.media-amazon.com/images/I/8131nK5UJ4L._AC_UL320_.jpg"
"Cómo Dominar tus Pensamientos Negativos: La guía definitiva para transformar tu mente en 5 minutos diarios: Método DOMINAR para reducir la ansiedad y eliminar la preocupación","N/A","N/A","No disponible"
"Después de ti: Cómo sanar escribiendo","N/A","N/A","No disponible"
"De niño a hombre","135.45","$219.00","https://m.media-amazon.com/images/I/811eKeLsBRL._AC_UL320_.jpg"
"RSAquar Funda para 7"" Nuevo Kindle Paperwhite (12ª Generación 2024) & Kindle Colorsoft Signature Edition, Funda de protección Completa con Auto Sleep/Wake, Correa de Mano y Soporte Plegable - Negro","539.00","$599.00","https://m.media-amazon.com/images/I/81xsPR7kMNL._AC_UL320_.jpg"
"Balabow Funda para Kindle Paperwhite de 7 Pulgadas, 12.ª Generación, Versión 2024, Funda para Kindle Paperwhite 12 Generacion (Negro, 12ª generación, 2024)","239.00","$24.25","https://m.media-amazon.com/images/I/71JJD3Tc5UL._AC_UL320_.jpg"
"Saga Maze Runner (4 Libros)","683.23","$1,099.00","https://m.media-amazon.com/images/I/814sscbI3fL._AC_UL320_.jpg"
"Dios No Escribió la Biblia Revelaciones que Destruyen el Mito Sagrado: Lo que descubrís en este libro no es blasfemia… es historia, lógica y verdad.","N/A","N/A","No disponible"
"Contratado por el multimillonario: Los hermanos multimillonarios Libro 3","N/A","N/A","No disponible"
"Soulless Mates: The Crossroads (The Heartless Souls Book 1) (English Edition)","N/A","N/A","No disponible"
"EL CAMINO DE EIDAN (CRÓNICAS DE KAEL’THAR nº 1)","N/A","N/A","No disponible"
"El silencio de las sirenas","N/A","N/A","No disponible"
"Franz Kafka: Obras completas","N/A","N/A","No disponible"
"La maldición Van Gogh (Terror en familia)","0.00","$65.28","https://m.media-amazon.com/images/I/81mqKa7TpjL._AC_UL320_.jpg"
"Mecánica de Coches para Mortales: Sin Sudor ni Lágrimas: La Guía Definitiva para Entender y Mantener tu Vehículo","N/A","N/A","No disponible"
"Querido señor imposible: Novela Romantica Contemporanea","N/A","N/A","No disponible"
"Dentro del Monstruo 13 Psicópatas Reales que Destrozaron el Sueño Americano: Asesinos en serie, manipulación, rituales y horror sin redención en los rincones más oscuros de EE.UU.","N/A","N/A","No disponible"
"Remedios Naturales para la Salud: Recetas Caseras para Combatir la Inflamación y el Dolor","N/A","N/A","No disponible"
"Dracula [Kindle in Motion] (English Edition)","N/A","N/A","No disponible"
"PUBAMALL Funda para Kindle Paperwhite (10.ª generación - Modelo de 2018), con la función Auto Sleep Wake,para Kindle Paperwhite 10th Gen 2018 Released","197.10","$219.00","https://m.media-amazon.com/images/I/61ZuY6pVGgL._AC_UL320_.jpg"
"El Código 369: Neurociencia Cuántica de la Manifestación Consciente","N/A","N/A","No disponible"
"Aventuras en la Biblia: Heroes 2 - historias Biblicas para niños de 4 a 12 años (La biblia: colección de libros para leer y colorear)","N/A","N/A","No disponible"
"El Evangelio Perdido del Vaticano: María Magdalena, el hijo oculto y la verdad que el Papa jamás admitiría","N/A","N/A","No disponible"
"LILITH: Mujer y Demonio","N/A","N/A","No disponible"
"SENECESLI Lector de Libros Electrónicos, Lectores Electrónicos para Adolescentes, Adultos y Personas Mayores, 64 GB Ampliables, para Android 8.1, 1500 MAh, con Pantalla Eink de 5,76","1,676.00","$170.11","https://m.media-amazon.com/images/I/61tUTWzVocL._AC_UL320_.jpg"
"Dulce Como Arsénico","N/A","N/A","No disponible"
"Teotihuacán: Un apasionante repaso a la primera gran ciudad de Mesoamérica y su influencia en civilizaciones mesoamericanas como la maya y la Azteca (El Antiguo México)","N/A","N/A","No disponible"
"Domesticando a la hija del millonario: Novela Romantica Contemporanea","N/A","N/A","No disponible"
"Proyecto Verme: Ciclo Uno : Un thriller psicológico que explora los límites de la mente humana","N/A","N/A","No disponible"
"La Búsqueda del oráculo de Hércules","N/A","N/A","No disponible"
"El Kybalión de Hermes Trimegisto (Tabla de Esmeralda)","49.00","$63.31","https://m.media-amazon.com/images/I/A1A5mIISuZL._AC_UL320_.jpg"
"Tercer Ojo: La Guía Definitiva Para Activar Tu Glándula Pineal, Desarrollar Clarividencia Y Despertar Tu Visión Interior","N/A","N/A","No disponible"
"Alas de ónix (Empíreo 3) (Planeta Internacional)","N/A","N/A","No disponible"
"Hábitos Millonarios SMART: Pequeños cambios diarios para alcanzar la LIBERTAD FINANCIERA","0.00","$39.99","https://m.media-amazon.com/images/I/71DGGNlG1IL._AC_UL320_.jpg"
"Este dolor no es mío","139.45","$174.31","https://m.media-amazon.com/images/I/71jsrWn2xsL._AC_UL320_.jpg"
"CC- El Idiota Que Siempre Estuvo Ahí: Un romance que te romperá el corazón... y luego te lo curará. (CELESTE DE CORAL23 nº 12)","N/A","N/A","No disponible"
"CC- Nos Casamos Por Error: Una comedia romántica emocional que empieza con un error… y termina con un sí real. (CELESTE DE CORAL23 nº 16)","N/A","N/A","No disponible"
"IA PARA HUMANOS: Automatiza tu Vida con ChatGPT, Notion, Canva y Otras Herramientas que Harán el Trabajo por Ti (Sin Saber Programar)","N/A","N/A","No disponible"
"Agentes de IA para empresas: Cómo crear un equipo de empleados digitales con inteligencia artificial para acelerar el marketing, triplicar las ventas y automatizar tu negocio","N/A","N/A","No disponible"
"RSAquar Funda Compatible con 7"" Nuevo Kindle Paperwhite (12ª Generación 2024) & Kindle Colorsoft Signature Edition, Funda Protectora Delgada con Auto Sleep/Wake - Negro","359.00","$399.00","https://m.media-amazon.com/images/I/819MCulMQfL._AC_UL320_.jpg"
"TOPOST Funda Compatible con Kindle 6 Pulgadas 11ª Generacion 2024/2022 All-New con Función Auto Sleep Wake (Negro)","229.00","$23.24","https://m.media-amazon.com/images/I/81G5jTFePDL._AC_UL320_.jpg"
"ZIZEV Protector de Lector Electrónico, Exquisito Acabado en Cuero de Microfibra, Delicadamente Elaborado, Suave y Generoso, Estuche para Lector Electrónico Kindle Paperwhite (Recuerdo","424.81","$43.11","https://m.media-amazon.com/images/I/71C1nU59FJL._AC_UL320_.jpg"
"Kepuch 2 Paquetes Vidrio Templado Protector de Pantalla para Kindle Paperwhite 11th 2021 6.8""/Paperwhite 5/Signature Edition/Kids","249.96","$25.37","https://m.media-amazon.com/images/I/51eVwdR3jsL._AC_UL320_.jpg"
"ASHATA Lector de Libros Electrónicos de 6 Pulgadas, Lector Electrónico Compacto y Liviano, Lector de Libros Eléctrico con Almacenamiento 8G, Lector de Libros con Pantalla de Tinta de","2,049.00","$207.97","https://m.media-amazon.com/images/I/71Xi9BWooYL._AC_UL320_.jpg"
"LEFUS Funda para Kindle Paperwhite 7 Pulgadas, 12ª Funda Kindle Paperwhite 2024 con la Función Auto Sleep Wake. (Invitación)","149.00","$15.12","https://m.media-amazon.com/images/I/71pvavU6LYL._AC_UL320_.jpg"
"Fockety Lector de Libros Electrónicos, 1 GB RAM 32GB ROM WiFi Diseinado de EReader Portátil con Pantalla de Tinta E de 5.76 Pulgadas, Tableta Epaper Amigable con los Ojos con Bluetooth (Blue)","2,497.00","$253.44","https://m.media-amazon.com/images/I/71SULGENTvL._AC_UL320_.jpg"
"Soporte para Tablet Automovil Ajustable Reposacabezas - Soporte Giro de 360 °, Soporte Reposacabezas Auto Coche Carro para 4.7-12.9"", Brazo de Extensión, para iPad Pro, Air, Mini, E-reader, Kindle","129.99","$13.19","https://m.media-amazon.com/images/I/61e0ALHdvML._AC_UL320_.jpg"
"MoKo Soft Hand Strap for 6-8"" Kindle eReaders Fire Tablet -Kindle/Kobo/Voyaga/Lenovo/Sony Kindle E-Book Tablet, Black High-Elasticity Versatile Hand Strap Lightweight Finger Grip Holder","N/A","N/A","No disponible"
"Kobo Clara Colour | eReader | Pantalla antirreflectante a Color E Ink Kaleido™ 3 de 6"" | Modo Oscuro | Audiolibros | Impermeable | Negro","N/A","N/A","No disponible"
"Laurie (Flash Relatos)","N/A","N/A","No disponible"
"Dracula (English Edition)","N/A","N/A","No disponible"
"PUBAMALL Funda para Kindle (10ª generación - 2019), con la función Auto Sleep Wake, para Kindle 10th Gen 2019 Released (Azul Oscuro)","N/A","N/A","No disponible"
"Lector de Libros Electrónicos Portátil de 7 Pulgadas con Pantalla a Color de Resolución 800 * 480 Retroiluminación Incorporada con Cubierta de PU E-Reader Compatible con Tarjeta TF (Memoria 8G)","1,317.00","$133.67","https://m.media-amazon.com/images/I/61wmT594NmL._AC_UL320_.jpg"
"1984 (English Edition)","N/A","N/A","No disponible"
"Moby Dick (English Edition)","N/A","N/A","No disponible"
"Yunir EReader Pantalla Táctil de 5,76 Pulgadas ComfortLight, 16 GB de Almacenamiento, Opción de Modo Oscuro Audiolibros E Reader Amigable con la Vista","2,179.00","$221.16","https://m.media-amazon.com/images/I/61W5BNG2ajL._AC_UL320_.jpg"
"9 HÁBITOS JAPONESES: Que cambiarán tu vida","N/A","N/A","No disponible"
"CoBak - Funda para Kindle Paperwhite de 7 pulgadas 12ª generación 2024 y Colorsoft con correa de mano, soporte y carga inalámbrica compatible con MagSafe, para lectura diaria y protección de Kindle","N/A","N/A","No disponible"
"Funda de piel Amazon para Kindle Paperwhite, color amarillo miel (sólo sirve para Kindle Paperwhite 5ª, 6ª, y 7ª generaciones)","699.00","$70.94","https://m.media-amazon.com/images/I/91TyJ2-NxXL._AC_UL320_.jpg"
"La Divina Comedia : el infierno, el purgatorio y el paraíso","9.00","$29.00","https://m.media-amazon.com/images/I/41dELQkZ4uL._AC_UL320_.jpg"
"Deja de compararte con los demás: Cómo dejar de sentirte menos y empezar a valorarte de verdad","N/A","N/A","No disponible"
"vantisan Funda para Kindle Paperwhite Gen 2021, Kindle Case para 11th, Estuche para 6.8'' con la función Auto Sleep Wake, Funda con Soporte Plegable con Cielo Estrellado","213.57","$439.00","https://m.media-amazon.com/images/I/81OhFmb7HIL._AC_UL320_.jpg"
"Cubierta de tela para la Kindle Paperwhite (11va generación, 2021)","649.99","$65.97","https://m.media-amazon.com/images/I/619mrZUQXWL._AC_UL320_.jpg"
"Edgar Allan Poe: Novelas Completas","N/A","N/A","No disponible"
"HGGWZWIF Funda para Kindle Paperwhite 12ª Generación 2024 (7 Pulgadas) & Kindle Colorsoft Signature Edition (7 Pulgadas) con Reposo/Activación Automática (Morado)","323.10","$359.00","https://m.media-amazon.com/images/I/81O6ymPyj1L._AC_UL320_.jpg"
"Amazon Basics - Soporte portátil multiángulo para iPad Tablet, lector electrónico y teléfono, color negro","180.00","$18.27","https://m.media-amazon.com/images/I/61mxv1hiMUL._AC_UL320_.jpg"
"Animal Farm (English Edition)","N/A","N/A","No disponible"
"Franz Kafka: Obras completas","N/A","N/A","No disponible"
"Guía de Organización y Limpieza para TDAH: Pasos Simples para Organizar tu Espacio, Aumentar la Productividad y Vencer la Procrastinación","N/A","N/A","No disponible"
"Rebelion en la granja","N/A","N/A","No disponible"
"MXNUP Funda Kindle Paperwhite 11 Generacion - 2021, 6.8 Pulgadas Kindle Case con la Función Auto Sleep Wake, Funda con Soporte Plegable (Cielo Estrellado)","299.00","$439.00","https://m.media-amazon.com/images/I/81dKpQytgTL._AC_UL320_.jpg"
"Fintie Funda para Kindle Paperwhite de 7 Pulgadas (12ª generación, 2024) y Kindle Colorsoft Signature Edition - Funda Protectora Delgada y Ligera de Piel sintética con Reposo/activación automática","229.00","$399.00","https://m.media-amazon.com/images/I/81FvVuB++jL._AC_UL320_.jpg"
"La gramática del miedo y la retórica de la valentía: novel hubs 4u: La gramática del miedo y la retórica de la valentía: novelas imperdibles","N/A","N/A","No disponible"
"COME 2 Piezas Funda Compatible para Kindle Paperwhite, Compatible con Kindle Paperwhite 2021-11th Generation, 6.8"" (Transparente), Ligero, Resistente a los Arañazos, Paperwhite Cubierta Protectora","350.55","$35.58","https://m.media-amazon.com/images/I/61HiDVH8QfL._AC_UL320_.jpg"
"Tablet 2 en 1 de 6 GB DDR4+64 GB, 10”, Android 13, funda para teclado/mouse/lápiz óptico, protector de pantalla, 5G/Wi-Fi 6, pantalla táctil HD, cámara doble 8 MP, pestaña de juegos, Bluetooth","1,540.02","$1,651.59","https://m.media-amazon.com/images/I/71L20oVowHL._AC_UL320_.jpg"
"Bigme inkNote Color + Eink E-Reader Tablet de visualización Kaleido 3 150 PPI de 10.3 Pulgadas para Lectura de Libros electrónicos y Tomar Notas","N/A","N/A","No disponible"
"Platón: Obras Completas | Filosofía Clásica, Diálogos y Sabiduría Atemporal del Gran Pensador Griego","N/A","N/A","No disponible"
"TAZENI - Soporte de almohada para tablet Kindle con 2 bandejas para teléfono o tablet, soporte para Kindle y iPad de 4 a 13 pulgadas, para cama con tela suave Plus, accesorios de lectura, regalo para","1,198.89","$121.68","https://m.media-amazon.com/images/I/7189xQmLXhL._AC_UL320_.jpg"
"Baltasar del Alcázar: Obras completas","N/A","N/A","No disponible"
"Poemas Sin Alma","N/A","N/A","No disponible"
"Todos los Cuentos de los Hermanos Grimm: Colección Completa de Fábulas, Magia y Aventuras para Todas las Edades","N/A","N/A","No disponible"
"Cubierta de corcho para la Kindle Paperwhite (11va generación, 2021)","899.99","$91.34","https://m.media-amazon.com/images/I/51-MEU81nyL._AC_UL320_.jpg"
"Suelta para sanar: El arte de dejar ir sin romperte","N/A","N/A","No disponible"
"Comer Bien, Vivir Mejor","N/A","N/A","No disponible"
"Fintie Funda para Kindle Paperwhite de 6,8"" (11.ª generación - 2021) y Kindle Paperwhite Signature Edition, Funda de sintética Ligera de Primera Calidad con función de Reposo/activación automática","269.00","$299.00","https://m.media-amazon.com/images/I/819Y9HPj0OL._AC_UL320_.jpg"
"HoYiXi - Funda universal para Kindle Paperwhite/Colorsoft de 6 pulgadas, 6 pulgadas, 7 pulgadas, 7 pulgadas, compatible con Kindle/Kobo/Tolino/Sony, EReader de 6 pulgadas con funda protectora","N/A","N/A","No disponible"
"USTIYA Funda para Kindle 11ª generacion 2022/2024 RS23CV C2V2L3 Case 6 Pulgadas Cover Cuero Protectora Piel PC+PU Función de Despertador (Rosa)","299.90","$30.43","https://m.media-amazon.com/images/I/81vLbFFg0bL._AC_UL320_.jpg"
"KleverCase - Funda Universal para lectores de Libros electrónicos Compatible con e-Readers Inc. Kobo, Nook, Kindle Paperwhite (Inc 12th Gen & Signature Edition), Kindle, storytel y Mucho más","N/A","N/A","No disponible"
"HoYiXi - Funda universal para Kindle Paperwhite/Colorsoft 2024 de 7 pulgadas, compatible con Paperwhite Kobo Clara HD/Kobo Clara 2E eReader de 6.8 pulgadas, funda protectora con soporte plegable y","N/A","N/A","No disponible"
"Sycelu K2 RF Télécommande Tourneur de Page pour Kindle Paperwhite Accessoires Lecture Kobo Surface Comics/Romans iPhone Tablettes Android Prise de Photos Caméra Enregistrement (Rosa)","514.14","$52.18","https://m.media-amazon.com/images/I/61J6W67QabL._AC_UL320_.jpg"
"CoBak - Paquete de 3 protectores de visualización mate antirreflejos para Kindle Paperwhite de 7 pulgadas de 12ª generación 2024 y Colorsoft Signature Edition, para Kobo Aura 2, alta claridad","N/A","N/A","No disponible"
"El factor psicológico","N/A","N/A","No disponible"
"4 PCS Vidrio Templado protectores de Pantalla para Kindle paperwhite de 7 pulgadas de 12ª generación 2024 y Colorsoft Signature Edition,Kobo Aura 2,visualización HD, prueba de aceite y arañazos","339.00","$34.40","https://m.media-amazon.com/images/I/71WhvyfY7yL._AC_UL320_.jpg"
"Vinabilia - Funda de transporte de 6 a 7 pulgadas para Kindle Colorsoft Signature Edition y Kindle Paperwhite, funda protectora para Kindle Oasis/E-Reader de 6 pulgadas, ramo de flores","N/A","N/A","No disponible"
"TOPOST Funda Compatible con Kindle 6 Pulgadas 11ª Generacion 2024/2022 All-New con Función Auto Sleep Wake (Negro)","229.00","$23.24","https://m.media-amazon.com/images/I/81G5jTFePDL._AC_UL320_.jpg"
"Kind-le - Almohada de pie con soporte para teléfono celular, soporte de almohada ajustable para tablet con tazón de aperitivos, soporte estable y para teléfono para colocar tu teléfono,","387.19","$39.29","https://m.media-amazon.com/images/I/61YFdXfxeQL._AC_UL320_.jpg"
"Anillo de Desplazamiento Actualizado, Cambio de Página para la Aplicación Kindle, Cámara BT, Grabación de Vídeo Remota, Anillo de Desplazamiento de Carga (Talla 20)","385.00","$128.33","https://m.media-amazon.com/images/I/61Bcu9lmVAL._AC_UL320_.jpg"
"ZJchao Lector de Libros de Pantalla Táctil de 5 Pulgadas 5.1 2+16GB Multifuncional LCD Display E-Reader para PDF EPUB3 MOBI","1,275.00","$129.41","https://m.media-amazon.com/images/I/71JqAp2R+DL._AC_UL320_.jpg"
"Genérico TikTok—Mando a Distancia para iPhone y Smartphones Android, Bluetooth para Aplicación Kindle, Foto y Video, Clicker con Correa de Muñeca Ajustable (Negro-TT)","359.00","$36.43","https://m.media-amazon.com/images/I/41Pkx887D9L._AC_UL320_.jpg"
"EMR Stylus para Bolígrafo Remarkable 2 con Borrador, Bolígrafos Digitales con Nivel de Presión 4096, Rechazo de Palma, para Wacom/Kindle Scribe/Galaxy Tab S6 Lite/ S7 FE/S9 Plus","471.00","$47.80","https://m.media-amazon.com/images/I/7192lqVpYuL._AC_UL320_.jpg"
"Kepuch 2 Paquetes Vidrio Templado Protector de Pantalla para Kindle Paperwhite Signature Edition 12th 2024 / Kindle Paperwhite 12th / Kindle Colorsoft Signature Edition 1st 2024 7.0""","249.96","$25.37","https://m.media-amazon.com/images/I/51d23QDYawL._AC_UL320_.jpg"
"Paquete de 2 cómodas correas de mano para Kindle y tabletas, accesorios Kindle para leer en la cama, soporte de agarre seguro y ligero para Kindle Paperwhite/Kobo/Oasis/E-Book/Teléfono de 4.7-8","416.64","$42.28","https://m.media-amazon.com/images/I/61-2xhf7p9L._AC_UL320_.jpg"
"DINGGUAGUA - Funda translúcida para Kindle Paperwhite de 7 pulgadas, 12ª generación 2024 y Kindle Colorsoft Signature Edition (versión 2024), cubierta trasera de TPU suave, ligera, transparente","N/A","N/A","No disponible"
"TFY Correa de Seguridad con Soporte Sostenedor Correa de Cuero para Kindle Voyage, 6"" / Kindle Paperwhite, 6"" / Kindle Fire, 6"" - Funciona con o sin Funda","340.00","$34.51","https://m.media-amazon.com/images/I/71W69wZQG9L._AC_UL320_.jpg"
"Funda para Kindle de 6 pulgadas (versión 11ª generación-2024), ultra transparente, suave, flexible, transparente, transparente, cubierta trasera de TPU con reposo/activación automática para Kindle","249.00","$25.27","https://m.media-amazon.com/images/I/61ylMV279ML._AC_UL320_.jpg"
"Debtrop - Soporte de almohada Kindle con tazón para leer en la cama, compatible con dispositivos de 4.7 a 11 pulgadas, incluyendo Kindle, Tablet, iPads, varios modelos Android y más","1,288.00","$130.73","https://m.media-amazon.com/images/I/81uIxP8obIL._AC_UL320_.jpg"
"G.F.L Funda Kindle (11.ª generación - 2021) para Kindle Paperwhite 2021, 6,8"" (Transparente), Paquete de 2，Funda rígida Ultrafina para Kindle con amortiguación de TPU Antideslizante","299.00","$30.34","https://m.media-amazon.com/images/I/61A1SydYMDL._AC_UL320_.jpg"
"VRVKEGFFK Protector de Pantalla for Kindle Paperwhite, película Protectora Transparente de 12. ª generación, 2024, 7 Pulgadas, 2 uds.","395.83","$40.17","https://m.media-amazon.com/images/I/61Jyzprpf9L._AC_UL320_.jpg"
"Bloque de carga USB 10 W Adaptador de corriente para tabletas Fire, Kindle Paperwhite/Colorsoft/Scribe/E-Readers/Oasis (cargador USB negro)","456.70","$46.35","https://m.media-amazon.com/images/I/51Hf5GAVgZL._AC_UL320_.jpg"
"TOPOST Funda Compatible con Kindle Paperwhite 7 Pulgadas 12ª Generacion 2024 y Colorsoft Signature Edition All-New con Función Auto Sleep Wake (Negro)","279.00","$28.31","https://m.media-amazon.com/images/I/81xZSJ+R19L._AC_UL320_.jpg"
"Goshyda Control Remoto Page Turner para Kindle, Cámara con Forma de Gato, Grabación de Vídeo, Disparadores Remotos, Page Turner Clicker para Dispositivos Android y iOS","329.00","$33.39","https://m.media-amazon.com/images/I/71FMNNDyOEL._AC_UL320_.jpg"
"YVISKPQF 2 Pcs Funda Transparente 7"" para Kindle Paperwhite 12ª Generación 2024 y Colorsoft Signature Edition,Funda de Silicona con 50 Pegatinas Decorativas (Transparente Carcasa)","368.00","$37.35","https://m.media-amazon.com/images/I/611nqIz48pL._AC_UL320_.jpg"
"The Stitch That Unraveled Everything (English Edition)","N/A","N/A","No disponible"
"DOXLIO Funda para Kindle Paperwhite 7 Pulgadas (12ª Generación 2024), Auto Sleep Wake. Compatible con Kindle Colorsoft Signature Edition (Rosa)","195.00","$19.79","https://m.media-amazon.com/images/I/81j2u8ubprL._AC_UL320_.jpg"
"Basesailor Cable Cargador Múltiple Rápido 60W,4 en 1 USB a USB C 1M,con USB A/Lightning/Type C para Kindle Fire Max 11 11th 2023,Paperwhite 11th 2021 12th 2022 2024,Samsung A03,Tab S6 S7,Carplay","179.10","$18.17","https://m.media-amazon.com/images/I/61Eqk+2wHGL._AC_UL320_.jpg"
"HoYiXi - Funda universal compatible con Kindle Paperwhite/6 pulgadas totalmente nuevo Kindle 2022 y 2019/Kobo Clara HD/Kobo Clara 2E de cuero para PocketBook/Tolino/Sony E-Book de 6 a 6.8 pulgadas,","448.65","$45.53","https://m.media-amazon.com/images/I/61-U+suH3rL._AC_UL320_.jpg"
"CoBak - Funda transparente para Kindle 11ª generación 2022 de 6 pulgadas","656.29","$66.61","https://m.media-amazon.com/images/I/71Q4vTd1Z6L._AC_UL320_.jpg"
"KDD Soporte de Almohada para Tableta con Almacenamiento - Plegable Base Kindle iPad para Cama, Portamaletas y Escritorio - Stand Blando de Ángulo Ajustable con Portabolígrafos","459.99","$46.68","https://m.media-amazon.com/images/I/712Bym1hniL._AC_UL320_.jpg"
"Funda para Kindle Paperwhite (12.ª generación, 2024) y Kindle Paperwhite Signature Edition. Cuenta con la función de Auto Sleep/Wake y es Compatible con Todos los eReaders de 7"". (Patrón morado)","599.00","$60.79","https://m.media-amazon.com/images/I/71cOk8gbkNL._AC_UL320_.jpg"
"TFY Funda Bolso Protector con Cierre de Cremallera, más Correa de Mano Soporte para Lectores de 6 Pulgadas,Gris","545.00","$55.31","https://m.media-amazon.com/images/I/81zFp11ZTaL._AC_UL320_.jpg"
"Correa de mano para Kindle Strapsicle | Paquete de 2 correas de mano para Kindle Paperwhite de 11.ª generación y Signature Paperwhite | Funda para lector electrónico compatible con Kindle Paperwhite 2022","N/A","N/A","No disponible"
"ZIZEV Protector de Lector Electrónico, Exquisito Acabado en Cuero de Microfibra, Delicadamente Elaborado, Suave y Generoso, Estuche para Lector Electrónico Kindle Paperwhite (Recuerdo","424.81","$43.11","https://m.media-amazon.com/images/I/71C1nU59FJL._AC_UL320_.jpg"
"Funda de soporte para Kindle Paperwhite de 7 pulgadas de 12ª generación 2024 con correa de mano, compatible con iPhone MagSafe, para almohadillas para orejas de carga inalámbricas Samsung/Belkin/Anker","499.00","$50.64","https://m.media-amazon.com/images/I/71fcm4WfgBL._AC_UL320_.jpg"
"Volteador de página con control remoto para Kindle Paperwhite Oasis Kobo eReaders, Kindle Clicker Page espátula Accesorios para iPhone, iPad, tabletas Android, novelas de lectura, grabación de video y","456.11","$46.29","https://m.media-amazon.com/images/I/71AyufEY3rL._AC_UL320_.jpg"
"SMAYS - Amazon Kindle Paperwhite USB Cable - Micro USB","N/A","N/A","No disponible"
"Funda de tela bordada para Kindle Paperwhite, Kindle Basic, Kobo Clara 2E, Boox Palma, Nook Glowlight – Funda protectora de tela para tabletas y lectores electrónicos hecha a mano, color blanco y","607.69","$61.68","https://m.media-amazon.com/images/I/71DfyqtGmvL._AC_UL320_.jpg"
"CoBak - Funda con soporte para Kindle Paperwhite de 7 pulgadas de 12ª generación 2024 y Kindle Colorsoft con correa de mano, compatible con iPhone MagSafe, para almohadillas para orejas de carga","N/A","N/A","No disponible"
"LEFUS Funda para Kindle Paperwhite 7 Pulgadas, 12ª Funda Kindle Paperwhite 2024 con la Función Auto Sleep Wake. (Invitación)","149.00","$15.12","https://m.media-amazon.com/images/I/71pvavU6LYL._AC_UL320_.jpg"
"Sakenitly Funda para Kindle 11.ª Generación 2024/2022, 6 Pulgadas, Modelo n.º RS23CV/C2V2L3, Funda Protectora Plegable con Ranura para Tarjetas","299.00","$527.83","https://m.media-amazon.com/images/I/81ntQSCg-wL._AC_UL320_.jpg"
"150 pegatinas de libros románticos para Kindle, paquete de pegatinas holográficas para libros de lectura Booktok, calcomanías de vinilo con purpurina para laptop, lectores de libros electrónicos,","319.00","$32.37","https://m.media-amazon.com/images/I/91cG3kOE7DL._AC_UL320_.jpg"
"HGGWZWIF Funda para Kindle Paperwhite 11 Generacion (Versión 2021, 6,8 Pulgadas) con Correa de Mano, Case con Reposo/Activación Automática para Model No.M2L3EK y M2L4EK e-Book Reader (Negro)","299.00","$30.34","https://m.media-amazon.com/images/I/81Pl4TYu4tL._AC_UL320_.jpg"
"Vaitasy Funda para Kindle Paperwhite 5 versión 2021 11ª generación de 6.8 Pulgadas de Piel sintética, diseño de follaje en Relieve, Carcasa Soporte rotación de 360 Grados - Rosa","399.00","$40.49","https://m.media-amazon.com/images/I/81KQbEcwXEL._AC_UL320_.jpg"
"Funda estilo libro antiguo para Kindle, Sony, Pocketbook, Kobo 6"" Ebook Reader","778.52","$79.01","https://m.media-amazon.com/images/I/61of8alkXCL._AC_UL320_.jpg"
"Funda para Kindle Paperwhite 7 Pulgadas, Carcasa de TPU Suave, Protección de Pantalla, Función Automática de Activación/Suspensión, Gris","349.99","$35.52","https://m.media-amazon.com/images/I/71eM59lOtkL._AC_UL320_.jpg"
"Kepuch Custer Funda para Kindle 2014 7th,Slim Smart Cover Fundas Carcasa Case Protectora de PU-Cuero para Kindle 2014 7th - Negro","N/A","N/A","No disponible"
"Trunkhouse: Volteador de páginas para Kindle, 2 clips, control remoto con cámara y video remoto, compatible con Kindle Paperwhite, Oasis, iPhone, iPad, negro","N/A","N/A","No disponible"
"yeacher Funda para Kindle Paperwhite de 7.ª, 6.ª y 5.ª generación (2012-2015) | Funda Protectora de TPU Suave con Bisel Elevado | Varios Colores | Envío rápido","N/A","N/A","No disponible"
"Pasador de Página con Control Remoto para for Kindle, Clicker de Volteador de Página Bluetooth para iOS/Android/tabletas Lectura de Novelas, Me Gusta Rápido, Cambio de Página de","367.00","$37.25","https://m.media-amazon.com/images/I/51kDzdzY-iL._AC_UL320_.jpg"
"SupeDesk - Soporte de almohada para tablet, ajustable para regazo con tazón desmontable, se adapta a Kindle/teléfonos/tabletas de 4.7 a 13 pulgadas, ver videos, medios de transmisión, color rosa","N/A","N/A","No disponible"
"TGYM - Soporte de almohada para Kindle, soporte para Kindle, soporte para Kindle y Kindle para leer en la cama. (Rosa)","N/A","N/A","No disponible"
"LSGAE - Almohada de soporte para tablet, para sofá, cama y computadora, compatible con teléfono o tablet de 4 a 13 pulgadas, iPad, Kindle","N/A","N/A","No disponible"
"ORICO - Estación de carga de 120 W para múltiples dispositivos, organizador de carga USB de 10 puertos con cables, estación de carga multi USB compatible con iPad, tablet, Kindle, Airpods y teléfono","N/A","N/A","No disponible"
"Zlinib - Soporte de almohada para Kindle, tazón mullido con soporte para Kindle, soporte de almohada para teléfono celular, soporte de cojín, altura ajustable, cojín de felpa (rosa)","N/A","N/A","No disponible"
"WunM Studio CE Funda para lector de libros electrónicos, funda para Kindle Oasis Slimshell ligera funda protectora para Amazon Kindle Oasis de 7 pulgadas 2017 2019 9Th 10Th Gen, negro, para Kindle Oasis 2 3","N/A","N/A","No disponible"
"PJUMVBC Funda Kindle Paperwhite para 12a Generación 2024 y Kindle Colorsoft Signature Edition, Kindle Case, con Función de Suspensión/Activación Automática, Correa de Mano y Soporte Plegable (Negro)","N/A","N/A","No disponible"
"MoKo Stand Case for Kindle Scribe (2024/2022 Released) - Premium Leather Trifold Stand Cover with Pen Holder, Auto Sleep/Wake for 10.2"" Amazon Kindle Scribe 2024/2022, Agave Green","N/A","N/A","No disponible"
"USTIYA Funda para Kindle 11 generacion 2022/2024 6 Pulgadas RS23CV C2V2L3 Case Silicona Carcasa Protectora Bumper TPU Translúcido Cover","N/A","N/A","No disponible"
"enoxboo Funda para Kindle de 11.ª Generación (Versión 2024/2022), Funda Inteligente de Piel Sintética, Funda de 6 Pulgadas para Kindle 11.º Lanzamiento en 2024","N/A","N/A","No disponible"
"Kepuch 2 Paquetes Vidrio Templado Protector de Pantalla para Kindle Oasis 2019 10th/2017 9th","139.96","$249.96","https://m.media-amazon.com/images/I/61ng8JgwTqL._AC_UL320_.jpg"
"Vive Lo Que Realmente Importa","104.07","$175.00","https://m.media-amazon.com/images/I/81BYFTxqZwL._AC_UL320_.jpg"
"Kepuch Custer Funda para Kindle Paperwhite 12th 2024, Paperwhite Signature Edition 12th, Colorsoft Signature Edition 1st,Slim Smart Cover Fundas Carcasa Case Protectora de PU-Cuero - Rojo","249.96","$25.37","https://m.media-amazon.com/images/I/61y9p2Q5K0L._AC_UL320_.jpg"
"Kepuch 2 Paquetes Vidrio Templado Protector de Pantalla para Kindle 12th 2024 / Kindle 11th 6.0""","169.96","$17.25","https://m.media-amazon.com/images/I/51oosfDJtPL._AC_UL320_.jpg"
"Funda para Kindle Paperwhite/Kindle Paperwhite Signature Edition (12ª Generación, Liberación 2024)/Kindle Colorsoft Signature Edition, Cubierta de 7 Pulgadas con Correa para Manos","298.00","$573.73","https://m.media-amazon.com/images/I/71fZeV3bKFL._AC_UL320_.jpg"
"Kailaien - Funda para tablet de 7 a 9 pulgadas, bolsa para iPad Mini 6/5/4/3/2, Samsung Galaxy Tab A7 Lite 8.7 pulgadas, Tab A 8 pulgadas, Kindle 2022/10/9/8/7/6, eReader, con correa de hombro","640.08","$64.96","https://m.media-amazon.com/images/I/61oEFtwJBCL._AC_UL320_.jpg"
"CoBak - Funda magnética para Kindle Paperwhite de 7 pulgadas, 12ª generación 2024 y Kindle Colorsoft, compatible con iPhone MagSafe, para almohadillas para orejas de carga inalámbricas","N/A","N/A","No disponible"
"enoxboo Funda para Kindle Paperwhite (7.ª/6.ª/5.ª Generación - Lanzamiento en 2015/2013/2012 - Modelo: DP75SDI o EY21), 1 Cubierta Trasera de TPU Transparente Ultra Suave y Flexible y 1 Funda","319.00","$32.37","https://m.media-amazon.com/images/I/81rXQP9XMfL._AC_UL320_.jpg"
"Youngme - Paquete de 5 protectores de visualización antirreflejos (mate) para Kindle Paperwhite de 6.8 pulgadas de lanzamiento de 11ª generación 2021, película protectora de PET de cobertura completa,","249.00","$25.27","https://m.media-amazon.com/images/I/51X9ffAmiOL._AC_UL320_.jpg"
"HGGWZWIF Funda para Kindle Paperwhite 11 Generacion (Versión 2021, 6,8 Pulgadas, Model No.M2L3EK y M2L4EK) con Reposo/Activación Automática, Ligera PC+PU Funda con Soporte de Plegable(Negro)","239.00","$24.25","https://m.media-amazon.com/images/I/813TNKYJHwL._AC_UL320_.jpg"
"Flyorigin Funda para Kindle, Kindle Oasis, Paperwhite, Kobo eReader Libra, Clara / Estuche universal a prueba de golpes para Kindle","349.00","$35.42","https://m.media-amazon.com/images/I/71M3i-RS7XL._AC_UL320_.jpg"
"COCFOOKIW Funda para Kindle Paperwhite 10ª Generación 6"" (Versiones 2018,Modelo PQ94WIF), PU Estuche Carcasa con Correa De Mano Función(Impresión de Caballo Loco)","269.00","$27.30","https://m.media-amazon.com/images/I/61O1zQ1COEL._AC_UL320_.jpg"
"Funda transparente con funda y correa de mano para Kindle Paperwhite de 12ª generación 2024/Signature Edition funciona con volteador de páginas, funda plegable para Colorsoft Signature Edition de 1ª","N/A","N/A","No disponible"
"Funda para 7"" Kindle Paperwhite 12ª Generación y Edición Firmada (Lanzado en 2024) y 7"" Kindle Colorsoft Edición Firmada,Patrones Pintados, Estuche con Automático Sueño/Vigilia y correa de mano (14)","299.00","$320.00","https://m.media-amazon.com/images/I/81tjf3zGe1L._AC_UL320_.jpg"
"E NET-CASE - Funda para Kindle Paperwhite de 12ª generación 2024 (7 pulgadas) y Kindle Colorsoft Signature Edition, carcasa trasera transparente, cubierta de piel sintética duradera con encendido","519.33","$52.71","https://m.media-amazon.com/images/I/71AlQ4rY+NL._AC_UL320_.jpg"
"MoKo - Funda acolchada bordada con margaritas de 6 a 7 pulgadas para Kindle 11/10/8ª generación, Kindle Paperwhite 11th/10th Gen, 7 pulgadas Kindle Colorsoft Signature Edition 2024, funda Kindle para","N/A","N/A","No disponible"
"CCOO Nuevo Funda para Kindle Paperwhite de 6.8 Pulgadas (11ª Generación 2021) - Estuche Protectora Premium con Ranura para Tarjeta y Correa de Mano, Soporte Plegable, Cierre Magnético","468.96","$47.59","https://m.media-amazon.com/images/I/71pM0zCzwWL._AC_UL320_.jpg"
"USTIYA Funda para Kindle Paperwhite 11 generacion 6.8 Pulgadas 2021 (No para 12 generacion 7 Pulgadas 2024) Cover Cuero Protectora Piel PC+PU Función de Despertador (Don't Touch ME)","269.00","$27.30","https://m.media-amazon.com/images/I/61yPrnEvfDL._AC_UL320_.jpg"
"Volteador de página con control remoto para Kindle Paperwhite Oasis Kobo eReaders, clicker para iPad Tablets, leer novelas con visualización LCD de alimentación, verde Agave","N/A","N/A","No disponible"
"Idocolors - Funda bonita para Kindle Paperwhite de 7 pulgadas de 12ª generación 2024 de Kindle Paperwhite, funda protectora ultrafina y ligera con función de encendido y encendido automático, tulipán","630.46","$63.99","https://m.media-amazon.com/images/I/81j02c4a7iL._AC_UL320_.jpg"
"Funda para Kindle Paperwhite de 6.8 pulgadas de 11ª generación 2021 (modelo NO. M2L3EK / M2L4EK), cubierta trasera de TPU ultra ligera transparente con encendido y apagado automático, gris oscuro","388.57","$39.43","https://m.media-amazon.com/images/I/51bZTGcNXYL._AC_UL320_.jpg"
"enoxboo Funda de 7"" para Kindle Colorsoft Signature Edition 2024 lanzada, Funda Protectora de Cuero PU, Funda para Kindle Paperwhite 12.ª Generación 2024","298.00","$30.24","https://m.media-amazon.com/images/I/71G0RUJ0UxL._AC_UL320_.jpg"
"enoxboo Funda para Kindle de 11.ª Generación (Versión 2024/2022), Funda Inteligente de Piel Sintética, Función de Reposo y Activación Automáticas, Funda Protectora Prémium para Kindle Basic","299.90","$458.98","https://m.media-amazon.com/images/I/81RcvNDNmiL._AC_UL320_.jpg"
"Funda para Kindle Paperwhite de 7 pulgadas (12ª generación, 2024) con correa de mano, ultra transparente, suave, flexible, transparente, cubierta trasera de TPU transparente con encendido y apagado","399.00","$40.49","https://m.media-amazon.com/images/I/61ikCRkqGlL._AC_UL320_.jpg"
"Yzlvigrous Funda para Kindle Paperwhite 12th Generation/Colorsoft Signature Edition 2024, Caparazón Trasero de TPU Suave con Correa de Mano, Cubierta de 7 Pulgadas con Función de Sueño/Estela","329.00","$33.39","https://m.media-amazon.com/images/I/61dH9lqj2wL._AC_UL320_.jpg"
"Dadanism - Funda acolchada bordada con margaritas para Kindle Paperwhite, Signature Edition, lectores electrónicos de 6 a 7 pulgadas, funda protectora para Oasis/Kobo, azul y blanco","N/A","N/A","No disponible"
"Billionn Funda para Kindle Paperwhite 11ª generación E-Reader (6.8 Pulgadas, 2021) y Kindle Paperwhite Signature Edition, con Correa de Mano y Despertar/Dormir automáticamente, Constelación","399.99","$799.99","https://m.media-amazon.com/images/I/81rCYzHDVbL._AC_UL320_.jpg"
"GSFY - Funda para Kindle Paperwhite de 7 pulgadas de 12ª generación 2024 y Kindle Colorsoft Signature Edition 2024, funda protectora de piel sintética, con ranuras para tarjetas, función atril, color","569.99","$57.85","https://m.media-amazon.com/images/I/81cmMK9Fh-L._AC_UL320_.jpg"
"Sakenitly Funda para Kindle de 6 Pulgadas, 11.ª Generación, 2024/2022, Cubierta Trasera de TPU Ultratransparente, Suave y Ligera con Función de Encendido y Apagado Automáticos","288.00","$488.00","https://m.media-amazon.com/images/I/61Du2MurzOL._AC_UL320_.jpg"
"Sakenitly Funda para Kindle Paperwhite de 5.ª/6.ª/7.ª Generación (Modelo: EY21 y DP75SDI, Versión 2012/2013/2015), con Smart Auto Sleep/Wake Funda Ligera de PU a Prueba de Salpicaduras","289.00","$29.33","https://m.media-amazon.com/images/I/81lwk+OcamL._AC_UL320_.jpg"
"Funda universal para libros electrónicos con visualización de 6 a 6.8 pulgadas o de 7.5 a 5.1 pulgadas de tamaño. Funciona con Kobo, Nook, Kindle, Kindle Paperwhite, Sony, storytel y más.","N/A","N/A","No disponible"
"Strapsicle - Embrague de silicona para Kindle y lectores electrónicos, bolsa multiusos para teléfono, portafolios y llaves, se adapta a Paperwhite de 6.8 pulgadas a 7 pulgadas, Kindle de 6.8 pulgadas","N/A","N/A","No disponible"
"enoxboo Funda de 7 Pulgadas para Kindle Paperwhite 12.ª Generación 2024 y Kindle Colorsoft Signature Edition y Kindle Paperwhite Signature Edition 12.ª Generación, Funda para Kindle Paperwhite","329.00","$504.88","https://m.media-amazon.com/images/I/71814jrCiJL._AC_UL320_.jpg"
"Funda para 7"" Kindle Colorsoft Signature Edition/Kindle Paperwhite (12ª Generación, Liberación 2024)/Kindle Paperwhite Signature Edition 12th, Cubierta con Función de Estela de Sueño Automático","298.00","$573.73","https://m.media-amazon.com/images/I/813ZsKG69gL._AC_UL320_.jpg"
"TiMOVO - Funda Protectora para Kindle Paperwhite y Kindle Colorsoft Signature Edition, Funda Protectora para Kindle E-Reader/Kindle Oasis, Azul Pavo Real","N/A","N/A","No disponible"
"WALNEW - Funda magnética para Kindle Paperwhite de 7 pulgadas de 12ª generación 2024 y Kindle Colorsoft Signature Edition, compatible con iPhone MagSafe, para almohadillas de carga inalámbricas","N/A","N/A","No disponible"
"enoxboo Funda Transparente para Kindle de 6"" de 11.ª Generación, Lanzada en 2024/2022, con Funda de Tela y Cubierta Trasera Flexible de TPU Suave Antiamarilleo, Ultradelgada y Transparente","329.00","$550.78","https://m.media-amazon.com/images/I/81zG-86Ui8L._AC_UL320_.jpg"
"Sakenitly Funda para 7 Pulgadas Kindle Paperwhite 12th Gen 2024 y Kindle Colorsoft Signature Edition, Slim Light Shell Cover con Característica Automática de Atención/sueño","319.00","$458.98","https://m.media-amazon.com/images/I/81glJUzHtOL._AC_UL320_.jpg"
"Sakenitly Funda para Kindle 11 Generation (liberación de 2024 y 2022), Modelo: RS23CV o C2V2L3, Cubierta Inteligente de Cuero PU, Estuche de 6 Pulgadas para Kindle 11th 2024 Release","298.00","$413.09","https://m.media-amazon.com/images/I/71DjEmMBEWL._AC_UL320_.jpg"
"Funda transparente para Kindle de 10ª generación 2019, delgada y suave cubierta trasera de TPU para Kindle de 10ª generación 2019 de 6 pulgadas","291.38","$29.57","https://m.media-amazon.com/images/I/51JjLxG569L._AC_UL320_.jpg"
"Funda para Kindle Paperwhite 12.ª generación 2024/Kindle Colorsoft Signature Edition/Kindle Paperwhite Signature Edition 12.ª generación 2024, Caso de Transparencia Acrílica con Auto Wake/Sleep (4)","369.00","$498.00","https://m.media-amazon.com/images/I/61dIuVY+dbL._AC_UL320_.jpg"
"DATAFY - espátula de páginas para Kindle Paperwhite Oasis Control remoto Clicker para Kindle App para iPad Kindle Accesorios (rosa)","526.37","$53.42","https://m.media-amazon.com/images/I/61s1-P8p7lL._AC_UL320_.jpg"
"Famavala - Carcasa para Amazon Kindle Paperwhite/Signature Edition (12ª generación) y Kindle Colorsoft Signature Edition (1ª generación), compatible con Nook/Boox (Blossoms)","590.37","$59.92","https://m.media-amazon.com/images/I/81vXewmc0xL._AC_UL320_.jpg"
"MoKo - Funda para tablet Amazon Kindle Fire HD 10 y 10 Plus de 10.1 pulgadas (versión 13ª/11ª generación, versión 2023/2021), funda plegable delgada con función de encendido y apagado automático, oro","N/A","N/A","No disponible"
"TiMOVO - Funda Protectora para Tablet de 6 a 7 Pulgadas para Kindle Paperwhite y Kindle Colorsoft Signature Edition, Funda Protectora con Bolsillo para Kindle E-Reader/Kindle Oasis, Flor Verde","N/A","N/A","No disponible"
"Sakenitly Funda para el Lanzamiento de Kindle Paperwhite 10th Generation 2018, Cubierta de 6 Pulgadas con Función de Estela de Sueño Automático, Modelo No. PQ94WIF","288.00","$458.98","https://m.media-amazon.com/images/I/81lwk+OcamL._AC_UL320_.jpg"
"KleverCase - Funda universal para lectores de libros electrónicos Compatible con todas las marcas de lectores electrónicos, incluyendo Kobo, Nook, Kindle Paperwhite (inc 12ª generación y edición de","N/A","N/A","No disponible"
"Sakenitly Caso De Protección para 6 Pulgadas Kindle 11th Gen Lanzado En 2022 (Modelo C2V2L3) - Cubierta Duradera con Estela/sueño Automático Y Correa De Mano","N/A","N/A","No disponible"
"COCFOOKIW Funda para 6"" Kindle Paperwhite 10.ª Generation(Versiones 2018，Modelo PQ94WIF)- Caso de Pie con Automático Despertar/Dormir, Estuche con Adsorción Magnética y Correa de Mano Función","N/A","N/A","No disponible"
"Sakenitly Funda para Kindle de 6 Pulgadas de 11.ª Generación de 2024/2022, Funda Protectora con Ranura para Tarjetas y Correa para la Mano, Funda Protectora Plegable, Modelo n.º RS23CV/C2V2L3","N/A","N/A","No disponible"
"enoxboo Funda para Kindle Paperwhite de 12.ª Generación (versión 2024) y Kindle Colorsoft Signature Edition (Versión 2024), Funda de 7"" con Función de Suspensión y Activación Automáticas","N/A","N/A","No disponible"
"Funda para tablet de 6 a 7 pulgadas para Amazon Fire 7/Kindle Paperwhite de 6 a 6.8 pulgadas, Kindle Paperwhite Signature/Kindle Paperwhite Kids/Kindle 11th 2022/Kindle Kids,Kobo Clara 2E bolsa de","N/A","N/A","No disponible"
"Kepuch 2 Paquetes Vidrio Templado Protector de Pantalla para Kindle Scribe 2024/Kindle Scribe 2022 10.2""","169.96","$17.25","https://m.media-amazon.com/images/I/513ubNI-E5L._AC_UL320_.jpg"
"Kepuch 2 Paquetes Vidrio Templado Protector de Pantalla para Kindle Paperwhite Signature Edition 12th 2024 / Kindle Paperwhite 12th / Kindle Colorsoft Signature Edition 1st 2024 7.0""","249.96","$25.37","https://m.media-amazon.com/images/I/51d23QDYawL._AC_UL320_.jpg"
"Kepuch Custer Funda para Kindle Paperwhite 12th 2024, Paperwhite Signature Edition 12th, Colorsoft Signature Edition 1st,Slim Smart Cover Fundas Carcasa Case Protectora de PU-Cuero - Azul","249.96","$25.37","https://m.media-amazon.com/images/I/61HA5jLwm3L._AC_UL320_.jpg"
"Kepuch 2 Paquetes 280 Cola Gruesa Sin Burbujas Aire Protector de Pantalla para Kindle Paperwhite Signature Edition 12th 2024 / Kindle Colorsoft Signature Edition 1st 2024 / Kindle Paperwhite 12th 7.0""","169.96","$17.25","https://m.media-amazon.com/images/I/518WuVn8N3L._AC_UL320_.jpg"
"Funda para tablet de 6 a 7 pulgadas para Amazon Fire 7/Kindle Paperwhite de 6 a 6.8 pulgadas, Kindle Paperwhite Signature/Kindle Paperwhite Kids/Kindle 11th 2022/Kindle Kids,Kobo Clara 2E bolsa de","428.62","$43.50","https://m.media-amazon.com/images/I/81npB9IypML._AC_UL320_.jpg"
"enoxboo Funda para Kindle Paperwhite de 12.ª Generación (versión 2024) y Kindle Colorsoft Signature Edition (Versión 2024), Funda de 7"" con Función de Suspensión y Activación Automáticas","319.00","$550.78","https://m.media-amazon.com/images/I/81He4e77jTL._AC_UL320_.jpg"
"enoxboo Funda Personalizada para la 11ª Generación del Kindle 2022, Modelo C2V2L3, Funda Duradera con Función de Despertador-Sueño Automático/Graba Tus Recuerdos","359.00","$36.43","https://m.media-amazon.com/images/I/51fGEC72-ML._AC_UL320_.jpg"
"enoxboo Funda Ultradelgada y Liviana para Kindle Paperwhite 12.ª Generación 2024 y Kindle Colorsoft Signature Edition 2024, Cubierta de 7"" con Función de Encendido y Apagado Automático","329.00","$596.68","https://m.media-amazon.com/images/I/819INjr3wTL._AC_UL320_.jpg"
"[2 clips] Remoto para volteador de páginas Kindle Paperwhite Accesorios para Kindle y iPad y Tablet Clip Clicker Recargable","N/A","N/A","No disponible"
"Cargador hecho para todas las tabletas Kindle Fire, Kindle E-Reader, Paperwhite, Oasis, Colorsoft, Scribe, Voyage, Kindle Kids Edition con cable USB tipo C y micro USB de 6.6 pies (listado UL)","N/A","N/A","No disponible"
"Sakenitly Funda para Kindle Paperwhite de 6,8 Pulgadas de 11.ª Generación y Signature Edition (Versión 2021), Bolsa Protectora y Funda Transparente Ligera","290.48","$29.48","https://m.media-amazon.com/images/I/715OxPtgMPL._AC_UL320_.jpg"
"Soporte Estuche para 7"" Kindle Paperwhite 12ª Generación 2024 y 7"" Kindle Colorsoft Edición Firmada, Funda con Automático Sueño/Vigilia y Ranura para Tarjetas y función de Correa de Mano (7)","242.00","$299.00","https://m.media-amazon.com/images/I/51IfnfdGEGL._AC_UL320_.jpg"
"CCOO Funda Kindle Paperwhite - Estuche Protectora Delgada de Cuero Inteligente con Dormir/Despertar Automática para Kindle Paperwhite 10ª Generation 2018 Release, Solo Adecuada para el Modelo PQ94WIF","285.80","$329.00","https://m.media-amazon.com/images/I/71mx5BSVd3L._AC_UL320_.jpg"
"enoxboo Funda para Kindle de 6 Pulgadas de 11.ª Generación de 2024/2022, Funda Protectora con Función de Reposo/Activación Automática, Ranura para Tarjetas y Correa para la Mano","349.00","$573.73","https://m.media-amazon.com/images/I/71hTRipztCL._AC_UL320_.jpg"
"E NET-CASE - Funda protectora para Kindle Scribe (versión 2024/2022) - Funda protectora ligera y rígida con función de encendido automático para Kindle Scribe de 10.2 pulgadas 2024/2022 con soporte","852.92","$86.57","https://m.media-amazon.com/images/I/81nse08D3SL._AC_UL320_.jpg"
"Funda de piel y resistente al agua para Kindle Oasis, color rojo","799.99","$81.19","https://m.media-amazon.com/images/I/81IDfFfX+gL._AC_UL320_.jpg"
"Funda para Kindle de 6 pulgadas (versión 11ª generación-2024), ultra transparente, suave, flexible, transparente, transparente, cubierta trasera de TPU con reposo/activación automática para Kindle","399.00","$40.49","https://m.media-amazon.com/images/I/61AeOkcV9aL._AC_UL320_.jpg"
"El Archivo Prohibido del Vaticano: Verdades enterradas, rituales malditos y el legado oculto que podría cambiar la historia de la humanidad","N/A","N/A","No disponible"
"Lector de Libros Electrónicos 1+8GB Pantalla Táctil LCD a Color de 5 Pulgadas WiFi FM Lector de Libros Digitales Portátil","1,453.00","$147.47","https://m.media-amazon.com/images/I/61rsuZRwX-L._AC_UL320_.jpg"
"Funda ultra transparente para Kindle Vista 11 (6 pulgadas), suave, flexible, cubierta trasera de TPU con reposo/activación automática","399.00","$40.49","https://m.media-amazon.com/images/I/61PAwQvcC2L._AC_UL320_.jpg"
"GVTECH Soporte Universal para Tableta, Ajustable Base de Soporte de Escritorio Compatible con el Nuevo iPad Mini Air, Pro 9.7 10.5 12.9, Kindle, Samsung, Lenovo Tab Otras tabletas, Plateado","121.72","$179.00","https://m.media-amazon.com/images/I/81a6cR6Y1oL._AC_UL320_.jpg"
"ANGO - Estuche Super Suave para Kinlde de 6"" para E-Reader/E-Book/Smartphone, Mini Funda Protectora a Prueba de Golpes para Kindle de hasta 6"" (Gris)","159.00","$16.13","https://m.media-amazon.com/images/I/51miYti0bVL._AC_UL320_.jpg"
"Funda delgada para tablet Amazon Kindle Fire HD 10 y 10 Plus (versión 13ª/11ª generación 2023/2021), piel sintética con soporte triple, parte trasera transparente, doble ángulo, carcasa con encendido","N/A","N/A","No disponible"
"Soporte Funda para 7"" Kindle Paperwhite 12ª Generación 2024 y 7"" Kindle Colorsoft Edición Firmada, Estuche con Automático Sueño/Vigilia y Ranura para tarjetas y función de correa de mano (15)","299.00","$30.34","https://m.media-amazon.com/images/I/712GNE5-eEL._AC_UL320_.jpg"
"Sakenitly Funda para Kindle Paperwhite 12th Generation 2024 y Kindle Colorsoft Signature Edition - Manga de Cubierta con Ranura para Tarjetas y Correa de Mano, Cubierta Protectora Plegable","329.00","$499.00","https://m.media-amazon.com/images/I/71hTRipztCL._AC_UL320_.jpg"
"CoBak - Funda ligera con soporte para Kindle Paperwhite de 7 pulgadas de 12ª generación 2024 y Kindle Colorsoft con correa para la mano derecha, compatible con iPhone MagSafe, para almohadillas para","N/A","N/A","No disponible"
"Funda para Kindle [10ª generación 2019] – con correa de mano (no compatible con Kindle Paperwhite o Kindle Oasis)","284.54","$28.88","https://m.media-amazon.com/images/I/71orbkmf52L._AC_UL320_.jpg"
"UMUBUHOMS - Funda para Kindle Oasis con doble mano y soporte para Kindle Oasis de 7 pulgadas (10ª generación, 2019 y 9ª generación, 2017) Auto Sleep & Wake/cierre magnético (azul oscuro)","1,037.61","$105.31","https://m.media-amazon.com/images/I/71-JXLEC-BL._AC_UL320_.jpg"
"Cameron Sino - Batería para Amazon DP75SDI, Kindle Paperwhite 2013, Kindle Paperwhite 6 2015, Kindle Paperwhite 6 Gen, Kindle Touch 3G 6 pulgadas 2013, Kindle Touch 6 pulgadas 2013","289.64","$29.39","https://m.media-amazon.com/images/I/41x6MCSb7KL._AC_UL320_.jpg"
"Kefotic - Soporte para tablet de cuello de cisne para lectura Kindle en la cama con mando a distancia para volteador de páginas, computadora manos libres, soporte de brazo perezoso para accesorios","1,257.47","$127.63","https://m.media-amazon.com/images/I/61+dqCLLNbL._AC_UL320_.jpg"
"Joyppy 152 - Pegatinas de libro de romance oscuro para Kindle, adulto, lectura de libros picantes, accesorios de libros, regalos","N/A","N/A","No disponible"
"Funda de TPU suave para Kindle Paperwhite de 7ª generación de 2015 solo para Kindle Paperwhite de 7ª generación – Auto Sleep and Wake– Funda inteligente de piel sintética de alta calidad con correa de mano para Kindle Paperwhite 2015 de 6 pulgadas (Sky)","399.00","$40.49","https://m.media-amazon.com/images/I/81dmUzBXGZL._AC_UL320_.jpg"
"CoBak - Funda con soporte para Kindle Paperwhite de 7 pulgadas de 12ª generación 2024 y Kindle Colorsoft con correa de mano, compatible con iPhone MagSafe, para almohadillas para orejas de carga","N/A","N/A","No disponible"
"Funda de diamante para Kindle transparente de 10ª generación (2019), no amarillea, protección militar contra caídas pero no voluminosa, funda rígida para Kindle de 10ª generación 2019","210.00","$21.31","https://m.media-amazon.com/images/I/41BkVDogVgL._AC_UL320_.jpg"
"Cameron Sino - Batería para Amazon Kindle Paperwhite 10th Generat, Kindle Paperwhite 4 10th Gener, Kindle Paperwhite 4 2018, PQ94WIF","472.45","$47.95","https://m.media-amazon.com/images/I/51UKKaRzfsL._AC_UL320_.jpg"
"Funda transparente y flexible para Kindle Paperwhite de 6 pulgadas (10ª generación-2018) - Ultra suaves, reposo/activación automática","399.00","$40.49","https://m.media-amazon.com/images/I/61AeOkcV9aL._AC_UL320_.jpg"
"Funda magnética inteligente para Amazon Kindle Paperwhite 4 para Kindle 2018 de 10ª generación, funda de tela para Kindle (rosa)","304.44","$30.90","https://m.media-amazon.com/images/I/51sRC2JVMdL._AC_UL320_.jpg"
"3 dijes para Kindle, color rosa con lazo compatible con Kindle con puerto de carga tipo C, regalo coquette para amantes de libros, lectores, hombres, mujeres, profesores, estudiantes, accesorios para","199.00","$20.19","https://m.media-amazon.com/images/I/51bK4tLyovL._AC_UL320_.jpg"
"HoYiXi - Funda universal para lector de libros electrónicos de 6 a 6.8 pulgadas, compatible con Kindle Paperwhite/6 pulgadas, nuevo Kindle 2022 y 2019/Kobo Clara HD/Kobo Clara 2E, funda protectora","N/A","N/A","No disponible"
"COCFOOKIW Funda para 6"" Kindle 11ª Generación 2022/2024, Modelo: RS23CV/C2V2L3，Cáscara Blanda Transparente Blanda Estuche con Función de Reposo/Activación Automática (1)","299.00","$30.34","https://m.media-amazon.com/images/I/61Du2MurzOL._AC_UL320_.jpg"
"La biblioteca de la medianoche","N/A","N/A","No disponible"
"HGWALP - Funda Universal para lectores electrónicos de 6 Pulgadas, Funda de Piel con Correa de Mano, Compatible con Todos los Libros de composición de","N/A","N/A","No disponible"
"TOPOST Funda Compatible con Kindle Paperwhite 6.8 Pulgadas 11ª Generacion 2021 y Signature Edition All-New con Función Auto Sleep Wake (Negro)","229.00","$23.24","https://m.media-amazon.com/images/I/81bSwHXywXL._AC_UL320_.jpg"
"enoxboo Funda de 6'' para Kindle de 11.ª generación, Lanzamiento en 2022/2024, Modelo: RS23CV o C2V2L3, Funda con Correa para la Mano y Función de Encendido y Apagado Automático","319.00","$413.09","https://m.media-amazon.com/images/I/81CCOCJN3XL._AC_UL320_.jpg"
"Dadanism - Funda acolchada de 6 a 7 pulgadas para Kindle Colorsoft Signature Edition y Kindle Paperwhite, funda protectora para transporte K-indle/K-indle Oasis/Kobo de 6 pulgadas, color frambuesa","N/A","N/A","No disponible"
"Moguri 60 pegatinas de libro rosa para Kindle, pegatinas para Kindle, pegatinas aesthetic Kindle, regalos de libros para mujeres, niñas, amantes de los libros, regalos para adultos","N/A","N/A","No disponible"
"QPHWHFQ Funda para Kindle Paperwhite 11th Generation 2021, Kindle Case para 11th de 6.8 Pulgadas, con la Función Auto Sleep Wake, Funda con Soporte Plegable, con Magnetismo(Cielo Estrellado)","299.90","$469.00","https://m.media-amazon.com/images/I/71XGTMoiYiL._AC_UL320_.jpg"
"Funda para Kindle de 11ª generación de 6 pulgadas, funda protectora de gel TPU de ajuste delgado para Kindle 2022 (rosa)","299.00","$30.34","https://m.media-amazon.com/images/I/51Uf-8dUUoL._AC_UL320_.jpg"
"Dadanism - Funda acolchada de 6 a 7 pulgadas para Kindle Colorsoft Signature Edition y Kindle Paperwhite, funda protectora de transporte para Kindle Kindle Oasis/Kobo de 6 pulgadas, color verde Matcha","N/A","N/A","No disponible"
"Chineestyle Funda de diamante para Kindle Oasis 3/2 (2019/2017), no amarillea, protección militar contra caídas pero no voluminosa, funda rígida delgada para Kindle Oasis de 3 generación 2019","299.00","$30.34","https://m.media-amazon.com/images/I/414k8Sig57L._AC_UL320_.jpg"
"LISEN Soporte para Tablet 360° Metálico Base para iPad Stand de Escritoric Ajustable Soporte para Celular and Kindle, Compatible con iPhone/iPad-Mini Pro Air/Gataxy Tab/Lenovo Tab/Kindle Accesorios","329.00","$499.00","https://m.media-amazon.com/images/I/81yppBGNuvL._AC_UL320_.jpg"
"enoxboo Funda para Kindle Paperwhite y Kindle Colorsoft Signature Edition 2024 - Funda de PU Ligera y Delgada con Función de Suspensión/Activación Automática, 7 Pulgadas","329.00","$458.98","https://m.media-amazon.com/images/I/51iR148vFEL._AC_UL320_.jpg"
"Kepuch Custer Funda para Kindle Paperwhite 12th 2024, Paperwhite Signature Edition 12th, Colorsoft Signature Edition 1st,Slim Smart Cover Fundas Carcasa Case Protectora de PU-Cuero - Negro","249.96","$25.37","https://m.media-amazon.com/images/I/6182F+d1LNL._AC_UL320_.jpg"
"ZCGOINGTECH Paquete de 2 Mica Protectores de Pantalla Transparentes HD para Kindle Paperwhite 12.a Generación 2024 y Kindle Colorsoft Signature Edition (7 Pulgadas)","229.00","$23.24","https://m.media-amazon.com/images/I/41bLM3l-XaL._AC_UL320_.jpg"
"CS - Batería de repuesto para Amazon D01400, Kindle Fire","584.82","$59.35","https://m.media-amazon.com/images/I/716FKufb7xL._AC_UL320_.jpg"
"CS - Batería de repuesto para Amazon Kindle Voyage, NM460GZ","422.65","$42.89","https://m.media-amazon.com/images/I/519c9WahazL._AC_UL320_.jpg"
"Funda magnética inteligente para Amazon Kindle Paperwhite 4 para Kindle 2018 de 10ª generación, funda de tela para Kindle (rosa)","304.44","$30.90","https://m.media-amazon.com/images/I/51sRC2JVMdL._AC_UL320_.jpg"
"3 dijes para Kindle, color rosa con lazo compatible con Kindle con puerto de carga tipo C, regalo coquette para amantes de libros, lectores, hombres, mujeres, profesores, estudiantes, accesorios para","199.00","$20.19","https://m.media-amazon.com/images/I/51bK4tLyovL._AC_UL320_.jpg"
"HoYiXi - Funda universal para lector de libros electrónicos de 6 a 6.8 pulgadas, compatible con Kindle Paperwhite/6 pulgadas, nuevo Kindle 2022 y 2019/Kobo Clara HD/Kobo Clara 2E, funda protectora","N/A","N/A","No disponible"
"COCFOOKIW Funda para 6"" Kindle 11ª Generación 2022/2024, Modelo: RS23CV/C2V2L3，Cáscara Blanda Transparente Blanda Estuche con Función de Reposo/Activación Automática (1)","299.00","$30.34","https://m.media-amazon.com/images/I/61Du2MurzOL._AC_UL320_.jpg"
"HGWALP - Funda Universal para lectores electrónicos de 6 Pulgadas, Funda de Piel con Correa de Mano, Compatible con Todos los Libros de composición de","N/A","N/A","No disponible"
"TOPOST Funda Compatible con Kindle Paperwhite 6.8 Pulgadas 11ª Generacion 2021 y Signature Edition All-New con Función Auto Sleep Wake (Negro)","229.00","$23.24","https://m.media-amazon.com/images/I/81bSwHXywXL._AC_UL320_.jpg"
"enoxboo Funda de 6'' para Kindle de 11.ª generación, Lanzamiento en 2022/2024, Modelo: RS23CV o C2V2L3, Funda con Correa para la Mano y Función de Encendido y Apagado Automático","319.00","$413.09","https://m.media-amazon.com/images/I/81CCOCJN3XL._AC_UL320_.jpg"
"Dadanism - Funda acolchada de 6 a 7 pulgadas para Kindle Colorsoft Signature Edition y Kindle Paperwhite, funda protectora para transporte K-indle/K-indle Oasis/Kobo de 6 pulgadas, color frambuesa","N/A","N/A","No disponible"
"Moguri 60 pegatinas de libro rosa para Kindle, pegatinas para Kindle, pegatinas aesthetic Kindle, regalos de libros para mujeres, niñas, amantes de los libros, regalos para adultos","N/A","N/A","No disponible"
"QPHWHFQ Funda para Kindle Paperwhite 11th Generation 2021, Kindle Case para 11th de 6.8 Pulgadas, con la Función Auto Sleep Wake, Funda con Soporte Plegable, con Magnetismo(Cielo Estrellado)","299.90","$469.00","https://m.media-amazon.com/images/I/71XGTMoiYiL._AC_UL320_.jpg"
"Funda para Kindle de 11ª generación de 6 pulgadas, funda protectora de gel TPU de ajuste delgado para Kindle 2022 (rosa)","299.00","$30.34","https://m.media-amazon.com/images/I/51Uf-8dUUoL._AC_UL320_.jpg"
"Dadanism - Funda acolchada de 6 a 7 pulgadas para Kindle Colorsoft Signature Edition y Kindle Paperwhite, funda protectora de transporte para Kindle Kindle Oasis/Kobo de 6 pulgadas, color verde Matcha","N/A","N/A","No disponible"
"Chineestyle Funda de diamante para Kindle Oasis 3/2 (2019/2017), no amarillea, protección militar contra caídas pero no voluminosa, funda rígida delgada para Kindle Oasis de 3 generación 2019","299.00","$30.34","https://m.media-amazon.com/images/I/414k8Sig57L._AC_UL320_.jpg"
"LISEN Soporte para Tablet 360° Metálico Base para iPad Stand de Escritoric Ajustable Soporte para Celular and Kindle, Compatible con iPhone/iPad-Mini Pro Air/Gataxy Tab/Lenovo Tab/Kindle Accesorios","329.00","$499.00","https://m.media-amazon.com/images/I/81yppBGNuvL._AC_UL320_.jpg"
"El Evangelio Perdido del Vaticano: María Magdalena, el hijo oculto y la verdad que el Papa jamás admitiría","N/A","N/A","No disponible"
"enoxboo Funda para Kindle Paperwhite y Kindle Colorsoft Signature Edition 2024 - Funda de PU Ligera y Delgada con Función de Suspensión/Activación Automática, 7 Pulgadas","329.00","$458.98","https://m.media-amazon.com/images/I/51iR148vFEL._AC_UL320_.jpg"
"Volteador de página con control remoto RF para Kindle Paperwhite, visualización de alimentación, volteador de página remoto para teléfono, iPad, iOS, Android, tabletas, lectura, novelas, tomar, rosa","N/A","N/A","No disponible"
"Anillo de Control Remoto con aplicación Kindle, Cambio de página, Anillo igente, Libro electrónico, Novela, Cambio de página, Voz, Anillo igente portátil Negro N.º 11-73 mm","461.39","$46.83","https://m.media-amazon.com/images/I/515qLt4WH3L._AC_UL320_.jpg"